game_id,game_order,event,site,date_played,round,white,black,result,white_elo,white_rating_diff,black_elo,black_rating_diff,white_title,black_title,winner,winner_elo,loser,loser_elo,winner_loser_elo_diff,eco,termination,time_control,utc_date,utc_time,variant,ply_count,date_created,file_name
01ef156c-b49a-4c78-bffd-395e8d0c99bc,1,New Orleans,New Orleans,1848.??.??,?,"Morphy, Paul ","Morphy, Alonzo",1-0,,,,,,,"Morphy, Paul ",,"Morphy, Alonzo",,0,C23,,,,,,,2025-11-01T20:08:01+0000,morphy.pgn
b82d8a70-e512-4e99-9c9a-def3cd0d58a1,2,New Orleans,New Orleans,1848.??.??,?,"Morphy, Paul ","Morphy, Alonzo",1-0,,,,,,,"Morphy, Paul ",,"Morphy, Alonzo",,0,C33,,,,,,,2025-11-01T20:08:01+0000,morphy.pgn
992cf0e1-87fc-4b65-afb2-20a7c7085890,3,New Orleans,New Orleans,1848.??.??,?,"Morphy, Paul ",NN,1-0,,,,,,,"Morphy, Paul ",,NN,,0,C20,,,,,,,2025-11-01T20:08:01+0000,morphy.pgn
cb3717f6-2d53-4c35-bab4-0a9f752aa07d,4,New Orleans,New Orleans,1849.??.??,?,"Morphy, Paul ","Rousseau, Eugene",1-0,,,,,,,"Morphy, Paul ",,"Rousseau, Eugene",,0,C39,,,,,,,2025-11-01T20:08:01+0000,morphy.pgn
fbeedc64-855b-4d1e-a8fe-78a3a138d643,5,New Orleans,New Orleans,1849.??.??,?,"Mac Connel, James","Morphy, Paul ",0-1,,,,,,,"Morphy, Paul ",,"Mac Connel, James",,0,C38,,,,,,,2025-11-01T20:08:01+0000,morphy.pgn
95d67aee-49ad-483d-8913-89babfe0388b,6,New Orleans,New Orleans,1849.??.??,?,"Morphy, Paul ","Mac Connel, James",1-0,,,,,,,"Morphy, Paul ",,"Mac Connel, James",,0,C40,,,,,,,2025-11-01T20:08:01+0000,morphy.pgn
a1b21d01-0cf7-4078-9669-98ba3ba2914d,7,New Orleans,New Orleans,1849.??.??,?,"Morphy, Paul ","Mac Connel, James",1-0,,,,,,,"Morphy, Paul ",,"Mac Connel, James",,0,C35,,,,,,,2025-11-01T20:08:01+0000,morphy.pgn
964a9c36-d20d-4d5d-8cbf-a16973e8ddcc,8,New Orleans,New Orleans,1849.??.??,?,"Morphy, Paul ","Rousseau, Eugene",1-0,,,,,,,"Morphy, Paul ",,"Rousseau, Eugene",,0,C50,,,,,,,2025-11-01T20:08:01+0000,morphy.pgn
c16e7f5c-55f8-43dd-8d34-e9b1777fe2cc,9,New Orleans m,New Orleans,1849.??.??,?,"Morphy, Paul ","Morphy, Alonzo",1-0,,,,,,,"Morphy, Paul ",,"Morphy, Alonzo",,0,C51,,,,,,,2025-11-01T20:08:01+0000,morphy.pgn
120036c8-7517-4050-8173-763ab582bbbb,10,New Orleans m,New Orleans,1849.??.??,?,"Morphy, Paul ","Morphy, Alonzo",1-0,,,,,,,"Morphy, Paul ",,"Morphy, Alonzo",,0,C51,,,,,,,2025-11-01T20:08:01+0000,morphy.pgn
badf9440-9965-4d4f-8af8-9d44cb025b4a,11,New Orleans m,New Orleans,1849.??.??,?,"Morphy, Paul ","Morphy, Alonzo",1-0,,,,,,,"Morphy, Paul ",,"Morphy, Alonzo",,0,C51,,,,,,,2025-11-01T20:08:01+0000,morphy.pgn
fa2a5df5-132d-415d-911f-b2816e85cd5b,12,New Orleans,New Orleans,1849.??.??,?,"Morphy, Paul ","Morphy, Ernest",1-0,,,,,,,"Morphy, Paul ",,"Morphy, Ernest",,0,C55,,,,,,,2025-11-01T20:08:01+0000,morphy.pgn
eac6fce3-8140-405d-bcd3-e66e93e07144,13,New Orleans,New Orleans,1849.??.??,?,"Morphy, Paul ","Mac Connel, James",1-0,,,,,,,"Morphy, Paul ",,"Mac Connel, James",,0,C39,,,,,,,2025-11-01T20:08:01+0000,morphy.pgn
9880746c-4c88-42db-a71d-51a11a15d7b7,14,New Orleans,New Orleans,1849.??.??,?,"Morphy, Paul ",NN,1-0,,,,,,,"Morphy, Paul ",,NN,,0,C39,,,,,,,2025-11-01T20:08:01+0000,morphy.pgn
59f95360-136f-4500-b5e2-d5ca55e21c02,15,New Orleans,New Orleans,1850.??.??,?,"Morphy, Paul ","Loewenthal, Johann Jacob",1-0,,,,,,,"Morphy, Paul ",,"Loewenthal, Johann Jacob",,0,C42,,,,,,,2025-11-01T20:08:01+0000,morphy.pgn
92190b39-0f2f-4f9f-b462-44f77b95ab86,16,New Orleans,New Orleans,1850.??.??,?,"Morphy, Paul ",NN,1-0,,,,,,,"Morphy, Paul ",,NN,,0,C44,,,,,,,2025-11-01T20:08:01+0000,morphy.pgn
526d276f-e1a6-4c5c-b9a4-fbf566f008ec,17,New Orleans,New Orleans,1850.??.??,?,"Morphy, Paul ",NN,1-0,,,,,,,"Morphy, Paul ",,NN,,0,C34,,,,,,,2025-11-01T20:08:01+0000,morphy.pgn
9ecd059e-1665-4322-82f9-44f3a948830d,18,New Orleans,New Orleans,1850.??.??,?,"Mc Connell, J.","Morphy, Paul ",0-1,,,,,,,"Morphy, Paul ",,"Mc Connell, J.",,0,C02,,,,,,,2025-11-01T20:08:01+0000,morphy.pgn
f5e5863c-8097-4b26-a301-282fd102fde3,19,New Orleans,New Orleans,1850.??.??,?,"Morphy, Paul ","Morphy, Ernest",1-0,,,,,,,"Morphy, Paul ",,"Morphy, Ernest",,0,C52,,,,,,,2025-11-01T20:08:01+0000,morphy.pgn
fc083412-dd11-452c-963b-79b59727853c,20,New Orleans,New Orleans,1850.??.??,?,"Morphy, Paul ","Morphy, Ernest",1-0,,,,,,,"Morphy, Paul ",,"Morphy, Ernest",,0,C50,,,,,,,2025-11-01T20:08:01+0000,morphy.pgn
fa99d94a-9796-4f38-b097-f59e7b704df3,21,New Orleans,New Orleans,1850.??.??,?,"Morphy, Paul ","Loewenthal, Johann Jacob",1-0,,,,,,,"Morphy, Paul ",,"Loewenthal, Johann Jacob",,0,B21,,,,,,,2025-11-01T20:08:01+0000,morphy.pgn
b09cdf39-85bd-4862-94c4-d2cadea62efc,22,New Orleans,New Orleans,1852.??.??,?,"Mc Connell, L.","Morphy, Paul ",0-1,,,,,,,"Morphy, Paul ",,"Mc Connell, L.",,0,C52,,,,,,,2025-11-01T20:08:01+0000,morphy.pgn
d5c8fc8c-e095-4212-9de7-7576a4ce4104,23,Alabama ,Alabama,1855.??.??,?,"Morphy, Paul ","Meek, Alexander Beaufort",1-0,,,,,,,"Morphy, Paul ",,"Meek, Alexander Beaufort",,0,C38,,,,,,,2025-11-01T20:08:01+0000,morphy.pgn
a030a449-876f-42ee-8936-6e1c0df1b9e1,24,Alabama ,Alabama,1855.??.??,?,"Morphy, Paul ",Ayers,1-0,,,,,,,"Morphy, Paul ",,Ayers,,0,C52,,,,,,,2025-11-01T20:08:01+0000,morphy.pgn
b03d61a0-f9a2-4e20-95a4-b81c84fda85d,25,Alabama ,Alabama,1855.??.??,?,"Morphy, Paul ","Maurian, Charles Amedee",0-1,,,,,,,"Maurian, Charles Amedee",,"Morphy, Paul ",,0,C33,,,,,,,2025-11-01T20:08:01+0000,morphy.pgn
c1ff2a67-78eb-475a-9f0d-d591bc0b013d,26,Mobile,Mobile,1855.??.??,?,"Meek, Alexander Beaufort","Morphy, Paul ",0-1,,,,,,,"Morphy, Paul ",,"Meek, Alexander Beaufort",,0,C44,,,,,,,2025-11-01T20:08:01+0000,morphy.pgn
0e113afc-43e6-4f48-bd1d-5d3fd454236e,27,New Orleans,New Orleans,1855.??.??,?,"Meek, Alexander Beaufort","Morphy, Paul ",0-1,,,,,,,"Morphy, Paul ",,"Meek, Alexander Beaufort",,0,C44,,,,,,,2025-11-01T20:08:01+0000,morphy.pgn
bb5f736a-ba5f-4b80-8e2a-fe742ed3b3d5,28,New Orleans,New Orleans,1856.??.??,?,"Morphy, Paul ",NN,1-0,,,,,,,"Morphy, Paul ",,NN,,0,C25,,,,,,,2025-11-01T20:08:01+0000,morphy.pgn
215e3af4-a3da-4d0e-a082-a88cfece1d39,29,New Orleans,New Orleans,1856.??.??,?,"Morphy, Paul ","Knight, T.",1-0,,,,,,,"Morphy, Paul ",,"Knight, T.",,0,C37,,,,,,,2025-11-01T20:08:01+0000,morphy.pgn
f42868b7-e341-4d79-a381-dcf3d95cbc8a,30,New Orleans,New Orleans,1856.??.??,?,"Morphy, Paul ","Morphy, Ernest",1-0,,,,,,,"Morphy, Paul ",,"Morphy, Ernest",,0,C64,,,,,,,2025-11-01T20:08:01+0000,morphy.pgn
3d2dfafe-0337-4735-bc96-834ae6ad14c8,31,New Orleans,New Orleans,1856.??.??,?,"Morphy, Paul ",NN,1-0,,,,,,,"Morphy, Paul ",,NN,,0,C33,,,,,,,2025-11-01T20:08:01+0000,morphy.pgn
754d282d-c096-489f-83d5-d2287f1942bf,32,New Orleans sim,New Orleans,1857.??.??,?,"Morphy, Paul ",Hart,1-0,,,,,,,"Morphy, Paul ",,Hart,,0,C44,,,,,,,2025-11-01T20:08:01+0000,morphy.pgn
fb17090e-5bb6-46b1-928d-b303262103d3,33,New Orleans,New Orleans,1857.??.??,?,"Thompson, J.","Morphy, Paul ",0-1,,,,,,,"Morphy, Paul ",,"Thompson, J.",,0,C51,,,,,,,2025-11-01T20:08:01+0000,morphy.pgn
04d9c6c8-33dd-4ff5-b8f9-95942d8a3600,34,New Orleans,New Orleans,1857.??.??,?,"Morphy, Paul ","Meek, Alexander Beaufort",1-0,,,,,,,"Morphy, Paul ",,"Meek, Alexander Beaufort",,0,C52,,,,,,,2025-11-01T20:08:01+0000,morphy.pgn
34f2907d-125d-499a-bf65-4b850b5795c6,35,New Orleans,New Orleans,1857.??.??,?,"Paulsen, Louis","Morphy, Paul ",0-1,,,,,,,"Morphy, Paul ",,"Paulsen, Louis",,0,C64,,,,,,,2025-11-01T20:08:01+0000,morphy.pgn
85ff382a-fb7a-46a6-aa04-95292b8360d7,36,USA-01.Congress,New York,1857.??.??,1,"Morphy, Paul ","Paulsen, Louis",1-0,,,,,,,"Morphy, Paul ",,"Paulsen, Louis",,0,B40,,,,,,,2025-11-01T20:08:01+0000,morphy.pgn
f08a2261-5f02-4228-bb82-d0749361b79d,37,USA-01.Congress,New York,1857.??.??,1,"Meek, Alexander Beaufort","Morphy, Paul ",0-1,,,,,,,"Morphy, Paul ",,"Meek, Alexander Beaufort",,0,C54,,,,,,,2025-11-01T20:08:01+0000,morphy.pgn
d92e7ae7-105d-4a09-a872-2ab675496f6c,38,USA-01.Congress,New York,1857.??.??,1,"Thompson, J.","Morphy, Paul ",0-1,,,,,,,"Morphy, Paul ",,"Thompson, J.",,0,C50,,,,,,,2025-11-01T20:08:01+0000,morphy.pgn
e9e7012d-7fe5-44e7-a97b-c16a08ad4c05,39,USA-01.Congress,New York,1857.??.??,1,"Lichtenhein, Theodor","Morphy, Paul ",0-1,,,,,,,"Morphy, Paul ",,"Lichtenhein, Theodor",,0,C55,,,,,,,2025-11-01T20:08:01+0000,morphy.pgn
47d13a16-196d-4828-a77a-2f7f5caf6abf,40,USA-01.Congress,New York,1857.??.??,2,"Morphy, Paul ","Lichtenhein, Theodor",1-0,,,,,,,"Morphy, Paul ",,"Lichtenhein, Theodor",,0,C42,,,,,,,2025-11-01T20:08:01+0000,morphy.pgn
8a4a4649-0895-4116-9441-3e9253817605,41,USA-01.Congress,New York,1857.??.??,2,"Morphy, Paul ","Meek, Alexander Beaufort",1-0,,,,,,,"Morphy, Paul ",,"Meek, Alexander Beaufort",,0,C00,,,,,,,2025-11-01T20:08:01+0000,morphy.pgn
e6fe4d35-819f-4471-bf1d-a3af0cbce9d8,42,USA-01.Congress,New York,1857.??.??,2,"Morphy, Paul ","Thompson, J.",1-0,,,,,,,"Morphy, Paul ",,"Thompson, J.",,0,B44,,,,,,,2025-11-01T20:08:01+0000,morphy.pgn
666cde32-0d65-4510-b648-940c7dd0142d,43,USA-01.Congress,New York,1857.??.??,2,"Paulsen, Louis","Morphy, Paul ",1/2-1/2,,,,,,,draw,,draw,,0,C67,,,,,,,2025-11-01T20:08:01+0000,morphy.pgn
26585478-154f-4899-a620-3d2f277e77b8,44,USA-01.Congress,New York,1857.??.??,3,"Paulsen, Louis","Morphy, Paul ",1-0,,,,,,,"Paulsen, Louis",,"Morphy, Paul ",,0,C64,,,,,,,2025-11-01T20:08:01+0000,morphy.pgn
506675da-7f0d-4aa3-b7e8-d6020c0e52a4,45,USA-01.Congress,New York,1857.??.??,3,"Thompson, J.","Morphy, Paul ",0-1,,,,,,,"Morphy, Paul ",,"Thompson, J.",,0,C54,,,,,,,2025-11-01T20:08:01+0000,morphy.pgn
c61e93ab-18dd-412a-84de-cd3963fc27b7,46,USA-01.Congress,New York,1857.??.??,3,"Lichtenhein, Theodor","Morphy, Paul ",1/2-1/2,,,,,,,draw,,draw,,0,D40,,,,,,,2025-11-01T20:08:01+0000,morphy.pgn
a59401b5-7893-4ddd-85ce-72b6edeb9cf4,47,USA-01.Congress,New York,1857.??.??,3,"Meek, Alexander Beaufort","Morphy, Paul ",0-1,,,,,,,"Morphy, Paul ",,"Meek, Alexander Beaufort",,0,C44,,,,,,,2025-11-01T20:08:01+0000,morphy.pgn
36d390dc-54bf-4f2b-9b97-d1f2bd56884c,48,USA-01.Congress,New York,1857.??.??,4,"Morphy, Paul ","Paulsen, Louis",1/2-1/2,,,,,,,draw,,draw,,0,B40,,,,,,,2025-11-01T20:08:01+0000,morphy.pgn
0452ad13-0523-43e5-9bc1-c33933972236,49,USA-01.Congress,New York,1857.??.??,4,"Lichtenhein, Theodor","Morphy, Paul ",0-1,,,,,,,"Morphy, Paul ",,"Lichtenhein, Theodor",,0,A83,,,,,,,2025-11-01T20:08:01+0000,morphy.pgn
61e63276-3625-4fb6-9f6a-9ae7e4ebe350,50,USA-01.Congress,New York,1857.??.??,5,"Morphy, Paul ","Paulsen, Louis",1-0,,,,,,,"Morphy, Paul ",,"Paulsen, Louis",,0,B40,,,,,,,2025-11-01T20:08:01+0000,morphy.pgn
99bd2db8-d173-4f56-a61e-df1e7aa9ec6b,51,USA-01.Congress,New York,1857.??.??,6,"Paulsen, Louis","Morphy, Paul ",0-1,,,,,,,"Morphy, Paul ",,"Paulsen, Louis",,0,C48,,,,,,,2025-11-01T20:08:01+0000,morphy.pgn
5e7984c6-69ad-4ee1-99d7-fe07701be66e,52,USA-01.Congress,New York,1857.??.??,7,"Morphy, Paul ","Paulsen, Louis",1-0,,,,,,,"Morphy, Paul ",,"Paulsen, Louis",,0,B40,,,,,,,2025-11-01T20:08:01+0000,morphy.pgn
37c8b8ee-bdeb-4d1e-a28e-4d15c05095de,53,USA-01.Congress,New York,1857.??.??,8,"Paulsen, Louis","Morphy, Paul ",0-1,,,,,,,"Morphy, Paul ",,"Paulsen, Louis",,0,C47,,,,,,,2025-11-01T20:08:01+0000,morphy.pgn
c390b2d6-034f-44f4-aa96-0256d23b7d50,54,Birmingham sim,Birmingham,1858.??.??,?,"Morphy, Paul ","Lyttelton, George Williams",1-0,,,,,,,"Morphy, Paul ",,"Lyttelton, George Williams",,0,C39,,,,,,,2025-11-01T20:08:01+0000,morphy.pgn
7f5337e8-2ca7-4e06-bbed-4260218287d5,55,Birmingham sim,Birmingham,1858.??.??,?,"Morphy, Paul ","Rhodes, J.",1-0,,,,,,,"Morphy, Paul ",,"Rhodes, J.",,0,C30,,,,,,,2025-11-01T20:08:01+0000,morphy.pgn
6c058ec2-a5ad-42f6-84bf-e6d8013d621f,56,Birmingham sim,Birmingham,1858.??.??,?,"Morphy, Paul ","Wills, A.",1-0,,,,,,,"Morphy, Paul ",,"Wills, A.",,0,B40,,,,,,,2025-11-01T20:08:01+0000,morphy.pgn
e7520795-b61a-4121-ac95-21225de8d738,57,Birmingham sim,Birmingham,1858.??.??,?,"Morphy, Paul ","Freeman, J.",1-0,,,,,,,"Morphy, Paul ",,"Freeman, J.",,0,C23,,,,,,,2025-11-01T20:08:01+0000,morphy.pgn
e43ad86f-b16d-4288-875b-44019103e310,58,Birmingham sim,Birmingham,1858.??.??,?,"Morphy, Paul ","Carr, J.",1-0,,,,,,,"Morphy, Paul ",,"Carr, J.",,0,B00,,,,,,,2025-11-01T20:08:01+0000,morphy.pgn
d0e192e1-9134-4f21-8b88-cfb076b9e7ff,59,Birmingham sim,Birmingham,1858.??.??,?,"Morphy, Paul ",Avery,1/2-1/2,,,,,,,draw,,draw,,0,B40,,,,,,,2025-11-01T20:08:01+0000,morphy.pgn
5e53905c-1dbf-4fd3-809f-2a28c8d6a0dd,60,Birmingham sim,Birmingham,1858.??.??,?,"Morphy, Paul ","Salmon, G.",1-0,,,,,,,"Morphy, Paul ",,"Salmon, G.",,0,C51,,,,,,,2025-11-01T20:08:01+0000,morphy.pgn
b31c5c2e-e0e8-4345-a84b-307807074936,61,London,London,1858.??.??,?,"Morphy, Paul ","John, Walter",1-0,,,,,,,"Morphy, Paul ",,"John, Walter",,0,B00,,,,,,,2025-11-01T20:08:01+0000,morphy.pgn
16f51edc-e7c9-4aae-a72b-53dc90d7c6a7,62,London,London,1858.??.??,?,"Morphy, Paul ",NN,1-0,,,,,,,"Morphy, Paul ",,NN,,0,C51,,,,,,,2025-11-01T20:08:01+0000,morphy.pgn
fb2dc44e-164e-43b4-96a6-7bbfa640a9bc,63,London,London,1858.??.??,?,"Staunton, Howard","Morphy, Paul ",0-1,,,,,,,"Morphy, Paul ",,"Staunton, Howard",,0,C41,,,,,,,2025-11-01T20:08:01+0000,morphy.pgn
1dbe24ed-99f5-4f66-bb50-d7755460fc5f,64,London,London,1858.??.??,?,"Deacon, Frederic","Morphy, Paul ",1-0,,,,,,,"Deacon, Frederic",,"Morphy, Paul ",,0,C38,,,,,,,2025-11-01T20:08:01+0000,morphy.pgn
35d725e9-6fe3-49ec-a71a-229677640bf4,65,London,London,1858.??.??,?,"Morphy, Paul ","Deacon, Frederic",1-0,,,,,,,"Morphy, Paul ",,"Deacon, Frederic",,0,C52,,,,,,,2025-11-01T20:08:01+0000,morphy.pgn
66821089-b901-4442-bf95-56b775485abe,66,London,London,1858.??.??,?,"Morphy, Paul ","Lewis, Frederic",1-0,,,,,,,"Morphy, Paul ",,"Lewis, Frederic",,0,C51,,,,,,,2025-11-01T20:08:01+0000,morphy.pgn
dffea00b-04ff-4bbc-804f-7040348e1ea1,67,London,London,1858.??.??,?,"Morphy, Paul ","Hampton, TJ.",1-0,,,,,,,"Morphy, Paul ",,"Hampton, TJ.",,0,C51,,,,,,,2025-11-01T20:08:01+0000,morphy.pgn
fdf79d1b-207f-4652-a614-e7e6081e2762,68,London m3,London,1858.??.??,?,"Morphy, Paul ","Boden, Samuel Standige",1/2-1/2,,,,,,,draw,,draw,,0,C64,,,,,,,2025-11-01T20:08:01+0000,morphy.pgn
8c35a1ec-9245-41bd-b548-270d0d6b7313,69,London m2,London,1858.??.??,?,"Owen, John","Morphy, Paul ",0-1,,,,,,,"Morphy, Paul ",,"Owen, John",,0,D40,,,,,,,2025-11-01T20:08:01+0000,morphy.pgn
9995222f-7b76-41c6-bf64-6f56f0c4a616,70,London m4,London,1858.??.??,?,"Medley, George Webb","Morphy, Paul ",1-0,,,,,,,"Medley, George Webb",,"Morphy, Paul ",,0,C51,,,,,,,2025-11-01T20:08:01+0000,morphy.pgn
ce6621c1-bcd5-4efe-afe3-8776f6266c60,71,London m4,London,1858.??.??,?,"Morphy, Paul ","Medley, George Webb",1-0,,,,,,,"Morphy, Paul ",,"Medley, George Webb",,0,C39,,,,,,,2025-11-01T20:08:01+0000,morphy.pgn
2e418ac0-d0b9-42fc-ac9f-531c95927254,72,London m1,London,1858.??.??,?,"Barnes, Thomas Wilson","Morphy, Paul ",0-1,,,,,,,"Morphy, Paul ",,"Barnes, Thomas Wilson",,0,C41,,,,,,,2025-11-01T20:08:01+0000,morphy.pgn
de7bdbae-6031-4273-9a38-86e22626bfa9,73,London m1,London,1858.??.??,?,"Barnes, Thomas Wilson","Morphy, Paul ",0-1,,,,,,,"Morphy, Paul ",,"Barnes, Thomas Wilson",,0,C65,,,,,,,2025-11-01T20:08:01+0000,morphy.pgn
dadb7f7e-d444-4766-9937-747656e3f274,74,London m1,London,1858.??.??,?,"Barnes, Thomas Wilson","Morphy, Paul ",0-1,,,,,,,"Morphy, Paul ",,"Barnes, Thomas Wilson",,0,C41,,,,,,,2025-11-01T20:08:01+0000,morphy.pgn
0853f83e-6528-49ba-ab01-536059832b66,75,London m1,London,1858.??.??,?,"Barnes, Thomas Wilson","Morphy, Paul ",0-1,,,,,,,"Morphy, Paul ",,"Barnes, Thomas Wilson",,0,C77,,,,,,,2025-11-01T20:08:01+0000,morphy.pgn
0c80fcef-f1f7-45b7-b494-7068669cf095,76,London m1,London,1858.??.??,?,"Morphy, Paul ","Barnes, Thomas Wilson",1-0,,,,,,,"Morphy, Paul ",,"Barnes, Thomas Wilson",,0,C41,,,,,,,2025-11-01T20:08:01+0000,morphy.pgn
2ef50caf-308d-4b81-9ce5-39f6fbb60305,77,London m1,London,1858.??.??,?,"Morphy, Paul ","Barnes, Thomas Wilson",1-0,,,,,,,"Morphy, Paul ",,"Barnes, Thomas Wilson",,0,C42,,,,,,,2025-11-01T20:08:01+0000,morphy.pgn
9f5da52c-b116-4d55-af68-2edc18e12da3,78,London m1,London,1858.??.??,?,"Morphy, Paul ","Barnes, Thomas Wilson",0-1,,,,,,,"Barnes, Thomas Wilson",,"Morphy, Paul ",,0,B00,,,,,,,2025-11-01T20:08:01+0000,morphy.pgn
e56a26a4-220a-40b5-827c-887dc16a03da,79,London m1,London,1858.??.??,?,"Morphy, Paul ","Barnes, Thomas Wilson",0-1,,,,,,,"Barnes, Thomas Wilson",,"Morphy, Paul ",,0,C30,,,,,,,2025-11-01T20:08:01+0000,morphy.pgn
fe568300-7eac-4416-9767-1ef9bcde46ee,80,London m2,London,1858.??.??,?,"Morphy, Paul ","Owen, John",0-1,,,,,,,"Owen, John",,"Morphy, Paul ",,0,B00,,,,,,,2025-11-01T20:08:01+0000,morphy.pgn
f78bbd06-cc03-49e5-b66e-8ff95c22c8f4,81,London m4,London,1858.??.??,?,"Medley, George Webb","Morphy, Paul ",0-1,,,,,,,"Morphy, Paul ",,"Medley, George Webb",,0,C65,,,,,,,2025-11-01T20:08:01+0000,morphy.pgn
39a868e5-f31b-49c9-b3ed-38c4ed0661c1,82,London m4,London,1858.??.??,?,"Medley, George Webb","Morphy, Paul ",0-1,,,,,,,"Morphy, Paul ",,"Medley, George Webb",,0,C70,,,,,,,2025-11-01T20:08:01+0000,morphy.pgn
5feeb949-4b19-4594-82f0-1a30a3cc3633,83,London m3,London,1858.??.??,?,"Boden, Samuel Standige","Morphy, Paul ",1-0,,,,,,,"Boden, Samuel Standige",,"Morphy, Paul ",,0,C41,,,,,,,2025-11-01T20:08:01+0000,morphy.pgn
1bdec706-67ed-4529-a90f-a2a00cf69c27,84,London m5,London,1858.??.??,?,"Morphy, Paul ","Bird, Henry Edward",1-0,,,,,,,"Morphy, Paul ",,"Bird, Henry Edward",,0,C39,,,,,,,2025-11-01T20:08:01+0000,morphy.pgn
ddb1a525-481d-4dfd-ac80-6d1de9b66eef,85,London m5,London,1858.??.??,?,"Bird, Henry Edward","Morphy, Paul ",0-1,,,,,,,"Morphy, Paul ",,"Bird, Henry Edward",,0,C41,,,,,,,2025-11-01T20:08:01+0000,morphy.pgn
ce5eaf6d-3ec8-43c2-9e32-7cc8aaf7a423,86,London m3,London,1858.??.??,?,"Boden, Samuel Standige","Morphy, Paul ",0-1,,,,,,,"Morphy, Paul ",,"Boden, Samuel Standige",,0,C65,,,,,,,2025-11-01T20:08:01+0000,morphy.pgn
b798721d-6a7d-40ea-9815-9a6f401bde46,87,London m3,London,1858.??.??,?,"Boden, Samuel Standige","Morphy, Paul ",1/2-1/2,,,,,,,draw,,draw,,0,C41,,,,,,,2025-11-01T20:08:01+0000,morphy.pgn
371a7c9c-bb30-4f82-bdc9-54024e9f1f28,88,London m3,London,1858.??.??,?,"Boden, Samuel Standige","Morphy, Paul ",1/2-1/2,,,,,,,draw,,draw,,0,C42,,,,,,,2025-11-01T20:08:01+0000,morphy.pgn
a0d70e6e-3634-469a-8eea-fe4409a0256e,89,London m3,London,1858.??.??,?,"Morphy, Paul ","Boden, Samuel Standige",1-0,,,,,,,"Morphy, Paul ",,"Boden, Samuel Standige",,0,C55,,,,,,,2025-11-01T20:08:01+0000,morphy.pgn
42f38677-2192-48ef-bac0-366bbc6c392c,90,London m3,London,1858.??.??,?,"Morphy, Paul ","Boden, Samuel Standige",1-0,,,,,,,"Morphy, Paul ",,"Boden, Samuel Standige",,0,C30,,,,,,,2025-11-01T20:08:01+0000,morphy.pgn
c901a373-ae72-4d2e-b9f1-f621f08dc40f,91,London m3,London,1858.??.??,?,"Morphy, Paul ","Boden, Samuel Standige",1-0,,,,,,,"Morphy, Paul ",,"Boden, Samuel Standige",,0,C30,,,,,,,2025-11-01T20:08:01+0000,morphy.pgn
e23b34ca-e560-40a9-9eb3-b9e117a67bfa,92,London m3,London,1858.??.??,?,"Morphy, Paul ","Boden, Samuel Standige",1-0,,,,,,,"Morphy, Paul ",,"Boden, Samuel Standige",,0,C58,,,,,,,2025-11-01T20:08:01+0000,morphy.pgn
de12e606-fafd-43bd-86c0-5c05b376a58b,93,London m5,London,1858.??.??,?,"Morphy, Paul ","Bird, Henry Edward",1-0,,,,,,,"Morphy, Paul ",,"Bird, Henry Edward",,0,C51,,,,,,,2025-11-01T20:08:01+0000,morphy.pgn
26dee6ca-6b2f-4121-9ff9-bf13a02d8796,94,London m3,London,1858.??.??,?,"Morphy, Paul ","Boden, Samuel Standige",1-0,,,,,,,"Morphy, Paul ",,"Boden, Samuel Standige",,0,C54,,,,,,,2025-11-01T20:08:01+0000,morphy.pgn
4f50158b-7cf1-48f9-be7f-aa7e8933eb2c,95,London m,London,1858.??.??,1,"Loewenthal, Johann Jacob","Morphy, Paul ",1/2-1/2,,,,,,,draw,,draw,,0,C41,,,,,,,2025-11-01T20:08:01+0000,morphy.pgn
36749c38-732d-4ce7-b939-6249d3fe5942,96,London m,London,1858.??.??,2,"Morphy, Paul ","Loewenthal, Johann Jacob",1-0,,,,,,,"Morphy, Paul ",,"Loewenthal, Johann Jacob",,0,C30,,,,,,,2025-11-01T20:08:01+0000,morphy.pgn
61430bca-0f21-485b-97ff-ea5c313cad54,97,London m,London,1858.??.??,3,"Loewenthal, Johann Jacob","Morphy, Paul ",0-1,,,,,,,"Morphy, Paul ",,"Loewenthal, Johann Jacob",,0,C42,,,,,,,2025-11-01T20:08:01+0000,morphy.pgn
a0889f61-0b01-46fc-9f85-4bac849780d1,98,London m,London,1858.??.??,4,"Morphy, Paul ","Loewenthal, Johann Jacob",1-0,,,,,,,"Morphy, Paul ",,"Loewenthal, Johann Jacob",,0,C30,,,,,,,2025-11-01T20:08:01+0000,morphy.pgn
09f6fea3-e56d-4e0b-b994-062049964f2c,99,London m,London,1858.??.??,5,"Loewenthal, Johann Jacob","Morphy, Paul ",1-0,,,,,,,"Loewenthal, Johann Jacob",,"Morphy, Paul ",,0,C42,,,,,,,2025-11-01T20:08:01+0000,morphy.pgn
39a90f00-3a2d-41ca-b877-b1886428e945,100,London m,London,1858.??.??,6,"Morphy, Paul ","Loewenthal, Johann Jacob",1-0,,,,,,,"Morphy, Paul ",,"Loewenthal, Johann Jacob",,0,B32,,,,,,,2025-11-01T20:08:01+0000,morphy.pgn
fa0f3d78-3e47-4c46-bf9f-e2410affc057,101,London m,London,1858.??.??,7,"Loewenthal, Johann Jacob","Morphy, Paul ",0-1,,,,,,,"Morphy, Paul ",,"Loewenthal, Johann Jacob",,0,C41,,,,,,,2025-11-01T20:08:01+0000,morphy.pgn
6cf0ebc3-a872-46cb-af8f-259b6edeb12f,102,London m,London,1858.??.??,8,"Morphy, Paul ","Loewenthal, Johann Jacob",0-1,,,,,,,"Loewenthal, Johann Jacob",,"Morphy, Paul ",,0,C41,,,,,,,2025-11-01T20:08:01+0000,morphy.pgn
8503d350-e0e5-4e9e-b18f-2275527059fc,103,London m,London,1858.??.??,9,"Loewenthal, Johann Jacob","Morphy, Paul ",0-1,,,,,,,"Morphy, Paul ",,"Loewenthal, Johann Jacob",,0,C64,,,,,,,2025-11-01T20:08:01+0000,morphy.pgn
ef3907ca-31a0-45df-9c27-68d970b9e261,104,London m,London,1858.??.??,10,"Morphy, Paul ","Loewenthal, Johann Jacob",1-0,,,,,,,"Morphy, Paul ",,"Loewenthal, Johann Jacob",,0,C01,,,,,,,2025-11-01T20:08:01+0000,morphy.pgn
562feced-fd3b-4cf3-8399-4508f3b8b6c1,105,London m,London,1858.??.??,11,"Loewenthal, Johann Jacob","Morphy, Paul ",1-0,,,,,,,"Loewenthal, Johann Jacob",,"Morphy, Paul ",,0,B44,,,,,,,2025-11-01T20:08:01+0000,morphy.pgn
a5865bf0-ab8a-44b2-bb75-4238f289001d,106,London m,London,1858.??.??,12,"Morphy, Paul ","Loewenthal, Johann Jacob",1-0,,,,,,,"Morphy, Paul ",,"Loewenthal, Johann Jacob",,0,C01,,,,,,,2025-11-01T20:08:01+0000,morphy.pgn
a6d03a02-12a3-4577-afb6-a97a17098624,107,London m,London,1858.??.??,13,"Loewenthal, Johann Jacob","Morphy, Paul ",1/2-1/2,,,,,,,draw,,draw,,0,C42,,,,,,,2025-11-01T20:08:01+0000,morphy.pgn
bec1a8ba-26d8-4a09-abfa-f501d949543f,108,London m,London,1858.??.??,14,"Morphy, Paul ","Loewenthal, Johann Jacob",1-0,,,,,,,"Morphy, Paul ",,"Loewenthal, Johann Jacob",,0,C77,,,,,,,2025-11-01T20:08:01+0000,morphy.pgn
52ccb743-b5cf-4485-a414-277c4922c974,109,New Orleans sim,New Orleans,1858.??.??,?,"Morphy, Paul ","Forde, A.",1-0,,,,,,,"Morphy, Paul ",,"Forde, A.",,0,C52,,,,,,,2025-11-01T20:08:01+0000,morphy.pgn
630ba857-f2a5-4ff4-8075-22acf33ccbb1,110,New Orleans sim,New Orleans,1858.??.??,?,"Morphy, Paul ",NN,1-0,,,,,,,"Morphy, Paul ",,NN,,0,C37,,,,,,,2025-11-01T20:08:01+0000,morphy.pgn
6afdb490-284a-4cb9-822d-8e17dc29f386,111,New Orleans sim,New Orleans,1858.??.??,?,"Morphy, Paul ",NN,1-0,,,,,,,"Morphy, Paul ",,NN,,0,C52,,,,,,,2025-11-01T20:08:01+0000,morphy.pgn
e81496bc-965d-462d-874d-c0b67a3b83e7,112,New Orleans m2,New Orleans,1858.??.??,?,"Morphy, Paul ","Maurian, Charles Amedee",1-0,,,,,,,"Morphy, Paul ",,"Maurian, Charles Amedee",,0,C33,,,,,,,2025-11-01T20:08:01+0000,morphy.pgn
cec63fc7-aeef-4f67-b511-fd3ed078fd0e,113,New Orleans sim,New Orleans,1858.??.??,?,"Morphy, Paul ",NN,1-0,,,,,,,"Morphy, Paul ",,NN,,0,C37,,,,,,,2025-11-01T20:08:01+0000,morphy.pgn
3b66e5f7-68ed-4e50-86aa-087417d7e8c3,114,New Orleans sim,New Orleans,1858.??.??,?,"Morphy, Paul ",NN,1-0,,,,,,,"Morphy, Paul ",,NN,,0,C52,,,,,,,2025-11-01T20:08:01+0000,morphy.pgn
c657af4a-a528-4a83-bf23-ec5e61dd4b0d,115,New Orleans sim,New Orleans,1858.??.??,?,"Morphy, Paul ",NN,1-0,,,,,,,"Morphy, Paul ",,NN,,0,C52,,,,,,,2025-11-01T20:08:01+0000,morphy.pgn
b7518123-9427-41f7-ba33-1c8c64009732,116,New Orleans sim,New Orleans,1858.??.??,?,"Morphy, Paul ",NN,1-0,,,,,,,"Morphy, Paul ",,NN,,0,C52,,,,,,,2025-11-01T20:08:01+0000,morphy.pgn
f48a75ab-e549-4165-9fa2-09f5cd190cd3,117,New Orleans sim,New Orleans,1858.??.??,?,"Morphy, Paul ",NN,1-0,,,,,,,"Morphy, Paul ",,NN,,0,C51,,,,,,,2025-11-01T20:08:01+0000,morphy.pgn
fb11ebc5-ffb0-4b53-ac50-c3bf096cf7d7,118,New Orleans sim,New Orleans,1858.??.??,?,"Morphy, Paul ",NN,1-0,,,,,,,"Morphy, Paul ",,NN,,0,C55,,,,,,,2025-11-01T20:08:01+0000,morphy.pgn
5b478d4c-a2a7-4b90-ad1d-2e39cab2829c,119,New Orleans sim,New Orleans,1858.??.??,?,"Morphy, Paul ",NN,1-0,,,,,,,"Morphy, Paul ",,NN,,0,C55,,,,,,,2025-11-01T20:08:01+0000,morphy.pgn
6d585ae6-a536-4f7b-bcde-78abdb91674c,120,New Orleans sim,New Orleans,1858.??.??,?,"Smith, J.","Morphy, Paul ",0-1,,,,,,,"Morphy, Paul ",,"Smith, J.",,0,C39,,,,,,,2025-11-01T20:08:01+0000,morphy.pgn
d6546721-b13a-4214-9673-262ffbc0f619,121,New Orleans sim,New Orleans,1858.??.??,5,"Morphy, Paul ",NN,1-0,,,,,,,"Morphy, Paul ",,NN,,0,C57,,,,,,,2025-11-01T20:08:01+0000,morphy.pgn
bf26d5de-108a-4ac4-975a-97df2da8dc6c,122,Paris it,Paris,1858.??.??,?,"Journoud, Paul","Morphy, Paul ",1-0,,,,,,,"Journoud, Paul",,"Morphy, Paul ",,0,C51,,,,,,,2025-11-01T20:08:01+0000,morphy.pgn
2897fef7-e838-4d26-a19b-67395c1cd828,123,Paris it,Paris,1858.??.??,?,"Morphy, Paul ","Bottin, A.",1-0,,,,,,,"Morphy, Paul ",,"Bottin, A.",,0,C20,,,,,,,2025-11-01T20:08:01+0000,morphy.pgn
101f2f01-bf42-4659-adca-ddd7619f528d,124,Paris it,Paris,1858.??.??,?,"Morphy, Paul ","Chamouillet, M.",1-0,,,,,,,"Morphy, Paul ",,"Chamouillet, M.",,0,C01,,,,,,,2025-11-01T20:08:01+0000,morphy.pgn
30aacabc-9df3-4230-9ffa-e67a1607b9b7,125,Paris it,Paris,1858.??.??,?,"Morphy, Paul ",Duke Karl Count Isouard,1-0,,,,,,,"Morphy, Paul ",,Duke Karl Count Isouard,,0,C41,,,,,,,2025-11-01T20:08:01+0000,morphy.pgn
2fc46859-1925-487d-bb06-b147243e69a5,126,Paris it,Paris,1858.??.??,?,"Journoud, Paul","Morphy, Paul ",0-1,,,,,,,"Morphy, Paul ",,"Journoud, Paul",,0,C50,,,,,,,2025-11-01T20:08:01+0000,morphy.pgn
30406a06-9606-47d0-bcc4-cf898b3ee352,127,Paris it,Paris,1858.??.??,?,"De Saint Amant, Pierre Charles Four","Morphy, Paul ",0-1,,,,,,,"Morphy, Paul ",,"De Saint Amant, Pierre Charles Four",,0,C54,,,,,,,2025-11-01T20:08:01+0000,morphy.pgn
c4e0e58a-22d6-4083-9c67-6c3cb9f80df8,128,Paris it,Paris,1858.??.??,?,"Morphy, Paul ","Journoud, Paul",1-0,,,,,,,"Morphy, Paul ",,"Journoud, Paul",,0,B21,,,,,,,2025-11-01T20:08:01+0000,morphy.pgn
61bd64dc-320f-4694-9493-17700f1cc7f1,129,Paris m1,Paris,1858.??.??,?,"Anderssen, Adolf","Morphy, Paul ",0-1,,,,,,,"Morphy, Paul ",,"Anderssen, Adolf",,0,C39,,,,,,,2025-11-01T20:08:01+0000,morphy.pgn
b578fc5e-6989-46d6-b0d2-db18435b946e,130,Paris m1,Paris,1858.??.??,?,"Anderssen, Adolf","Morphy, Paul ",1-0,,,,,,,"Anderssen, Adolf",,"Morphy, Paul ",,0,C39,,,,,,,2025-11-01T20:08:01+0000,morphy.pgn
c0ba3f2f-9745-4b3e-b030-d7a5ee12efe0,131,Paris m1,Paris,1858.??.??,?,"Anderssen, Adolf","Morphy, Paul ",0-1,,,,,,,"Morphy, Paul ",,"Anderssen, Adolf",,0,C33,,,,,,,2025-11-01T20:08:01+0000,morphy.pgn
cd3cc832-7ab0-4b99-adaf-0ed622e4385a,132,Paris m1,Paris,1858.??.??,?,"Morphy, Paul ","Anderssen, Adolf",1-0,,,,,,,"Morphy, Paul ",,"Anderssen, Adolf",,0,C38,,,,,,,2025-11-01T20:08:01+0000,morphy.pgn
2f8790ec-497d-48cf-b9ee-7913f7dbb6c8,133,Paris it,Paris,1858.??.??,?,"Baucher, H.","Morphy, Paul ",0-1,,,,,,,"Morphy, Paul ",,"Baucher, H.",,0,C39,,,,,,,2025-11-01T20:08:01+0000,morphy.pgn
a3471f3c-0d3f-4423-b743-826e0f312b95,134,Paris it,Paris,1858.??.??,?,"Morphy, Paul ","Anderssen, Adolf",1-0,,,,,,,"Morphy, Paul ",,"Anderssen, Adolf",,0,C38,,,,,,,2025-11-01T20:08:01+0000,morphy.pgn
1a230d1e-b59d-409c-a86c-012a5e490dc3,135,Paris sim,Paris,1858.??.??,?,"Morphy, Paul ",Guibert,1/2-1/2,,,,,,,draw,,draw,,0,B01,,,,,,,2025-11-01T20:08:01+0000,morphy.pgn
c1b44814-eea3-43b8-9eef-634f50f6eea4,136,Paris sim,Paris,1858.??.??,?,"Morphy, Paul ","Lequesne, E.",1/2-1/2,,,,,,,draw,,draw,,0,B00,,,,,,,2025-11-01T20:08:01+0000,morphy.pgn
c0f8906c-2348-4ad5-8611-dc4aaff3dbc3,137,Paris m2,Paris,1858.??.??,?,"Morphy, Paul ","De Riviere, Jules Arnous",0-1,,,,,,,"De Riviere, Jules Arnous",,"Morphy, Paul ",,0,C51,,,,,,,2025-11-01T20:08:01+0000,morphy.pgn
b8ea6c0c-8d29-41ec-9a02-2880a292c32f,138,Paris m2,Paris,1858.??.??,?,"De Riviere, Jules Arnous","Morphy, Paul ",0-1,,,,,,,"Morphy, Paul ",,"De Riviere, Jules Arnous",,0,C51,,,,,,,2025-11-01T20:08:01+0000,morphy.pgn
1e6c56c3-358a-4781-95b7-23da36c8b803,139,Paris sim,Paris,1858.??.??,?,"Morphy, Paul ",Bornemann,1-0,,,,,,,"Morphy, Paul ",,Bornemann,,0,C30,,,,,,,2025-11-01T20:08:01+0000,morphy.pgn
391c8b2a-698a-48a5-b85a-dfe1c34bbd6b,140,Paris m2,Paris,1858.??.??,?,"De Riviere, Jules Arnous","Morphy, Paul ",0-1,,,,,,,"Morphy, Paul ",,"De Riviere, Jules Arnous",,0,C51,,,,,,,2025-11-01T20:08:01+0000,morphy.pgn
b08c6fee-09f5-4ea3-9b7a-fc85a9d0827c,141,Paris sim,Paris,1858.??.??,?,"Morphy, Paul ","Bierwisch, Bernhard",1-0,,,,,,,"Morphy, Paul ",,"Bierwisch, Bernhard",,0,C01,,,,,,,2025-11-01T20:08:01+0000,morphy.pgn
677d66bf-568b-41ba-8313-52f165df8898,142,Paris sim,Paris,1858.??.??,?,"Morphy, Paul ","Seguin, M.",1-0,,,,,,,"Morphy, Paul ",,"Seguin, M.",,0,C41,,,,,,,2025-11-01T20:08:01+0000,morphy.pgn
90888882-227e-4cb3-85f7-cef32fd8ddc0,143,Paris m2,Paris,1858.??.??,?,"De Riviere, Jules Arnous","Morphy, Paul ",1/2-1/2,,,,,,,draw,,draw,,0,C77,,,,,,,2025-11-01T20:08:01+0000,morphy.pgn
b8c62a82-b66f-4d77-a76f-10184946d94f,144,Paris sim,Paris,1858.??.??,?,"Morphy, Paul ","Preti, J.",1-0,,,,,,,"Morphy, Paul ",,"Preti, J.",,0,B21,,,,,,,2025-11-01T20:08:01+0000,morphy.pgn
d17d0efa-c6db-4cdb-b1c0-970a2620d22c,145,Paris m2,Paris,1858.??.??,?,"De Riviere, Jules Arnous","Morphy, Paul ",1-0,,,,,,,"De Riviere, Jules Arnous",,"Morphy, Paul ",,0,C51,,,,,,,2025-11-01T20:08:01+0000,morphy.pgn
07639ea4-9fe5-42b0-8c5a-39164e6ad0b1,146,Paris m2,Paris,1858.??.??,?,"Morphy, Paul ","De Riviere, Jules Arnous",1-0,,,,,,,"Morphy, Paul ",,"De Riviere, Jules Arnous",,0,C51,,,,,,,2025-11-01T20:08:01+0000,morphy.pgn
b906b07b-8d3b-4af5-b95f-5b467d0b3cd1,147,Paris sim,Paris,1858.??.??,?,"Morphy, Paul ","Baucher, H.",1-0,,,,,,,"Morphy, Paul ",,"Baucher, H.",,0,C62,,,,,,,2025-11-01T20:08:01+0000,morphy.pgn
8466be92-ed57-48ec-9015-70a2dd291182,148,Paris sim,Paris,1858.??.??,?,"Morphy, Paul ",Potier,1-0,,,,,,,"Morphy, Paul ",,Potier,,0,C42,,,,,,,2025-11-01T20:08:01+0000,morphy.pgn
b63c491a-ef7c-40a5-ad4c-0609f03975c9,149,Paris m3,Paris,1858.??.??,1,"Harrwitz, Daniel","Morphy, Paul ",1-0,,,,,,,"Harrwitz, Daniel",,"Morphy, Paul ",,0,D35,,,,,,,2025-11-01T20:08:01+0000,morphy.pgn
a943c3b7-d3a9-41e6-b3b4-cb1341f6d61e,150,Paris m1,Paris,1858.??.??,1,"Morphy, Paul ","Anderssen, Adolf",0-1,,,,,,,"Anderssen, Adolf",,"Morphy, Paul ",,0,C52,,,,,,,2025-11-01T20:08:01+0000,morphy.pgn
ce8e85d2-326f-4464-8996-fe02f07f59cc,151,Paris m1,Paris,1858.??.??,2,"Anderssen, Adolf","Morphy, Paul ",1/2-1/2,,,,,,,draw,,draw,,0,C77,,,,,,,2025-11-01T20:08:01+0000,morphy.pgn
8615703b-1ab7-4d1d-b46f-3773f89f112b,152,Paris m3,Paris,1858.??.??,2,"Morphy, Paul ","Harrwitz, Daniel",0-1,,,,,,,"Harrwitz, Daniel",,"Morphy, Paul ",,0,C62,,,,,,,2025-11-01T20:08:01+0000,morphy.pgn
33c2ff3d-5ad2-4eeb-9afd-31151cfc8ac9,153,Paris m3,Paris,1858.??.??,3,"Harrwitz, Daniel","Morphy, Paul ",0-1,,,,,,,"Morphy, Paul ",,"Harrwitz, Daniel",,0,A85,,,,,,,2025-11-01T20:08:01+0000,morphy.pgn
7c0fd6fa-ac8f-4ab7-87b7-f1df82e73e1d,154,Paris m1,Paris,1858.??.??,3,"Morphy, Paul ","Anderssen, Adolf",1-0,,,,,,,"Morphy, Paul ",,"Anderssen, Adolf",,0,C65,,,,,,,2025-11-01T20:08:01+0000,morphy.pgn
735f7b10-746a-4356-b4e2-e1598eb77b65,155,Paris m3,Paris,1858.??.??,4,"Morphy, Paul ","Harrwitz, Daniel",1-0,,,,,,,"Morphy, Paul ",,"Harrwitz, Daniel",,0,C62,,,,,,,2025-11-01T20:08:01+0000,morphy.pgn
ead0f9fb-36ce-4509-95ab-2983f5812da4,156,Paris m1,Paris,1858.??.??,4,"Anderssen, Adolf","Morphy, Paul ",0-1,,,,,,,"Morphy, Paul ",,"Anderssen, Adolf",,0,C77,,,,,,,2025-11-01T20:08:01+0000,morphy.pgn
1d90c69c-622d-4b4d-b0ab-ce15f2bd6cf1,157,Paris m3,Paris,1858.??.??,5,"Harrwitz, Daniel","Morphy, Paul ",0-1,,,,,,,"Morphy, Paul ",,"Harrwitz, Daniel",,0,A85,,,,,,,2025-11-01T20:08:01+0000,morphy.pgn
43e6e599-12ae-4444-99e2-d6ffb1e0584d,158,Paris m1,Paris,1858.??.??,5,"Morphy, Paul ","Anderssen, Adolf",1-0,,,,,,,"Morphy, Paul ",,"Anderssen, Adolf",,0,B01,,,,,,,2025-11-01T20:08:01+0000,morphy.pgn
17f03e99-12ae-4af8-9df6-db83dcdab7b0,159,Paris m3,Paris,1858.??.??,6,"Morphy, Paul ","Harrwitz, Daniel",1-0,,,,,,,"Morphy, Paul ",,"Harrwitz, Daniel",,0,C41,,,,,,,2025-11-01T20:08:01+0000,morphy.pgn
a0599cb4-ec02-4314-8be2-84cb169a3d4b,160,Paris m1,Paris,1858.??.??,6,"Anderssen, Adolf","Morphy, Paul ",0-1,,,,,,,"Morphy, Paul ",,"Anderssen, Adolf",,0,A20,,,,,,,2025-11-01T20:08:01+0000,morphy.pgn
108b67cd-0190-464f-b10c-724f98952686,161,Paris m3,Paris,1858.??.??,7,"Harrwitz, Daniel","Morphy, Paul ",1/2-1/2,,,,,,,draw,,draw,,0,A85,,,,,,,2025-11-01T20:08:01+0000,morphy.pgn
aa673fc4-381b-494f-862d-6cc6c340657c,162,Paris m1,Paris,1858.??.??,7,"Morphy, Paul ","Anderssen, Adolf",1-0,,,,,,,"Morphy, Paul ",,"Anderssen, Adolf",,0,B01,,,,,,,2025-11-01T20:08:01+0000,morphy.pgn
b970d0a4-c038-4958-b092-a5e05d0cca2b,163,Paris m3,Paris,1858.??.??,8,"Morphy, Paul ","Harrwitz, Daniel",1-0,,,,,,,"Morphy, Paul ",,"Harrwitz, Daniel",,0,C41,,,,,,,2025-11-01T20:08:01+0000,morphy.pgn
c8097da8-943d-464b-a95d-6a922da51665,164,Paris m1,Paris,1858.??.??,8,"Anderssen, Adolf","Morphy, Paul ",1/2-1/2,,,,,,,draw,,draw,,0,A20,,,,,,,2025-11-01T20:08:01+0000,morphy.pgn
0349f0cf-30fb-47b3-9d3c-f50969f7632f,165,Paris m1,Paris,1858.??.??,9,"Morphy, Paul ","Anderssen, Adolf",1-0,,,,,,,"Morphy, Paul ",,"Anderssen, Adolf",,0,B44,,,,,,,2025-11-01T20:08:01+0000,morphy.pgn
99c8438c-e00f-43cc-b4e8-b01e7556fc57,166,Paris m1,Paris,1858.??.??,10,"Anderssen, Adolf","Morphy, Paul ",1-0,,,,,,,"Anderssen, Adolf",,"Morphy, Paul ",,0,A20,,,,,,,2025-11-01T20:08:01+0000,morphy.pgn
162682f0-cd20-4a42-b5b2-57d6b36ef0ed,167,Paris m1,Paris,1858.??.??,11,"Morphy, Paul ","Anderssen, Adolf",1-0,,,,,,,"Morphy, Paul ",,"Anderssen, Adolf",,0,C00,,,,,,,2025-11-01T20:08:01+0000,morphy.pgn
84849277-74ec-41ab-84d6-9a28a27dfe03,168,Paris m1,Paris,1858.??.??,13,"Morphy, Paul ","Anderssen, Adolf",1-0,,,,,,,"Morphy, Paul ",,"Anderssen, Adolf",,0,C39,,,,,,,2025-11-01T20:08:01+0000,morphy.pgn
365b4a2e-8bfc-4321-83cc-d4f9a434aeeb,169,London m1,London,1859.??.??,?,"Morphy, Paul ","Loewenthal, Johann Jacob",1-0,,,,,,,"Morphy, Paul ",,"Loewenthal, Johann Jacob",,0,C51,,,,,,,2025-11-01T20:08:01+0000,morphy.pgn
ca360d35-59b3-496c-95d9-f2359670eef9,170,London m1,London,1859.??.??,?,"Loewenthal, Johann Jacob","Morphy, Paul ",1/2-1/2,,,,,,,draw,,draw,,0,C84,,,,,,,2025-11-01T20:08:01+0000,morphy.pgn
3d03a0f0-52bb-48a3-a230-ea3477d1413c,171,London m1,London,1859.??.??,?,"Loewenthal, Johann Jacob","Morphy, Paul ",1-0,,,,,,,"Loewenthal, Johann Jacob",,"Morphy, Paul ",,0,C78,,,,,,,2025-11-01T20:08:01+0000,morphy.pgn
07a601a9-7929-415d-9e91-380a06b2e90f,172,London m1,London,1859.??.??,?,"Morphy, Paul ","Loewenthal, Johann Jacob",1/2-1/2,,,,,,,draw,,draw,,0,C51,,,,,,,2025-11-01T20:08:01+0000,morphy.pgn
ee0e697e-c13f-4e48-b8a0-3044543fcb65,173,New York sim,New York,1859.??.??,?,"Morphy, Paul ",Hart,1-0,,,,,,,"Morphy, Paul ",,Hart,,0,C44,,,,,,,2025-11-01T20:08:01+0000,morphy.pgn
359bf0c9-2301-4d63-9af0-ca0a4283dd56,174,New York sim,New York,1859.??.??,?,"Morphy, Paul ","Jefferson, BT.",1-0,,,,,,,"Morphy, Paul ",,"Jefferson, BT.",,0,C52,,,,,,,2025-11-01T20:08:01+0000,morphy.pgn
0401df3a-3ae3-41d5-a2b8-bdb50341840e,175,New York sim,New York,1859.??.??,?,"Morphy, Paul ","Knott, Simon JB",1-0,,,,,,,"Morphy, Paul ",,"Knott, Simon JB",,0,C37,,,,,,,2025-11-01T20:08:01+0000,morphy.pgn
02626201-dc63-4bde-8899-07ae70b38eac,176,New York sim,New York,1859.??.??,?,"Morphy, Paul ",NN,1-0,,,,,,,"Morphy, Paul ",,NN,,0,C51,,,,,,,2025-11-01T20:08:01+0000,morphy.pgn
c38ffd27-97ad-4e9b-a7de-9bc7e2428f5d,177,New York sim,New York,1859.??.??,?,"Morphy, Paul ","Stone, J.",1-0,,,,,,,"Morphy, Paul ",,"Stone, J.",,0,C51,,,,,,,2025-11-01T20:08:01+0000,morphy.pgn
6c3ca215-c945-4293-9291-4473706f9570,178,Paris m1,Paris,1859.??.??,1,"Mongredien, Augustus","Morphy, Paul ",1/2-1/2,,,,,,,draw,,draw,,0,C23,,,,,,,2025-11-01T20:08:01+0000,morphy.pgn
52af8afb-85ff-4271-8c84-7f0a856585f3,179,Paris m1,Paris,1859.??.??,2,"Morphy, Paul ","Mongredien, Augustus",1-0,,,,,,,"Morphy, Paul ",,"Mongredien, Augustus",,0,C51,,,,,,,2025-11-01T20:08:01+0000,morphy.pgn
73d0016d-eaaa-4170-a8cc-54748c55a608,180,Paris m1,Paris,1859.??.??,3,"Mongredien, Augustus","Morphy, Paul ",0-1,,,,,,,"Morphy, Paul ",,"Mongredien, Augustus",,0,A84,,,,,,,2025-11-01T20:08:01+0000,morphy.pgn
b3965b78-593c-412b-86f5-d63d17b60035,181,Paris m1,Paris,1859.??.??,4,"Morphy, Paul ","Mongredien, Augustus",1-0,,,,,,,"Morphy, Paul ",,"Mongredien, Augustus",,0,C58,,,,,,,2025-11-01T20:08:01+0000,morphy.pgn
3b848cbd-2378-4bd8-904e-6e62a809a03f,182,Paris m1,Paris,1859.??.??,5,"Mongredien, Augustus","Morphy, Paul ",0-1,,,,,,,"Morphy, Paul ",,"Mongredien, Augustus",,0,C33,,,,,,,2025-11-01T20:08:01+0000,morphy.pgn
b5d2b612-2ddf-4c14-b12a-c6bbf028e396,183,Paris m1,Paris,1859.??.??,6,"Morphy, Paul ","Mongredien, Augustus",1-0,,,,,,,"Morphy, Paul ",,"Mongredien, Augustus",,0,C40,,,,,,,2025-11-01T20:08:01+0000,morphy.pgn
7d2fae0f-7d38-4b18-8167-3452a1523c2a,184,Paris m1,Paris,1859.??.??,7,"Mongredien, Augustus","Morphy, Paul ",0-1,,,,,,,"Morphy, Paul ",,"Mongredien, Augustus",,0,C52,,,,,,,2025-11-01T20:08:01+0000,morphy.pgn
1d31f39a-39d9-43e3-928d-c55f3c7a61ca,185,Paris m1,Paris,1859.??.??,8,"Morphy, Paul ","Mongredien, Augustus",1-0,,,,,,,"Morphy, Paul ",,"Mongredien, Augustus",,0,C41,,,,,,,2025-11-01T20:08:01+0000,morphy.pgn
ba9fbc6a-2abd-4af4-8a73-0a9c7b98e35a,186,Philadelphia m,Philadelphia,1859.??.??,?,"Morphy, Paul ","Thomas, W.",1-0,,,,,,,"Morphy, Paul ",,"Thomas, W.",,0,C50,,,,,,,2025-11-01T20:08:01+0000,morphy.pgn
ae0361c1-6999-4820-b1ab-17767be088a4,187,USA tour sim,USA,1859.??.??,?,"Morphy, Paul ","Hammond, G.",1-0,,,,,,,"Morphy, Paul ",,"Hammond, G.",,0,C70,,,,,,,2025-11-01T20:08:01+0000,morphy.pgn
f3994afa-6094-460b-b039-d0ac567fb592,188,USA tour sim,USA,1859.??.??,?,"Morphy, Paul ","Lewis, S.",1-0,,,,,,,"Morphy, Paul ",,"Lewis, S.",,0,B00,,,,,,,2025-11-01T20:08:01+0000,morphy.pgn
4067c156-c597-4ba6-835e-878bafa08a66,189,USA tour sim,USA,1859.??.??,?,NN,"Morphy, Paul ",0-1,,,,,,,"Morphy, Paul ",,NN,,0,C65,,,,,,,2025-11-01T20:08:01+0000,morphy.pgn
dd4e2553-eb4f-4b11-b58d-9462cb8bbc7e,190,USA tour sim,USA,1859.??.??,?,"Morphy, Paul ",Tilghman,1-0,,,,,,,"Morphy, Paul ",,Tilghman,,0,C37,,,,,,,2025-11-01T20:08:01+0000,morphy.pgn
09bcde67-39c8-4a20-b8ef-3ec5f965099a,191,USA tour sim,USA,1859.??.??,?,"Morphy, Paul ","Smyth, S.",1-0,,,,,,,"Morphy, Paul ",,"Smyth, S.",,0,C01,,,,,,,2025-11-01T20:08:01+0000,morphy.pgn
ad43977f-9307-4755-afd1-c8e86a55a507,192,Habana m,Habana,1862.??.??,?,"Sicre, JM.","Morphy, Paul ",0-1,,,,,,,"Morphy, Paul ",,"Sicre, JM.",,0,C78,,,,,,,2025-11-01T20:08:01+0000,morphy.pgn
89916139-bc05-420b-a1e1-c04768032ee0,193,Habana m,Habana,1862.??.??,?,"Morphy, Paul ","Sicre, JM.",1-0,,,,,,,"Morphy, Paul ",,"Sicre, JM.",,0,C01,,,,,,,2025-11-01T20:08:01+0000,morphy.pgn
ae3c6803-6f15-452d-9064-28b16f06ca98,194,Paris m2,Paris,1863.??.??,?,"De Riviere, Jules Arnous","Morphy, Paul ",1-0,,,,,,,"De Riviere, Jules Arnous",,"Morphy, Paul ",,0,C54,,,,,,,2025-11-01T20:08:01+0000,morphy.pgn
563ddea2-30e6-4281-bbe4-a7b6dde3fedf,195,Paris m2,Paris,1863.??.??,?,"Morphy, Paul ","De Riviere, Jules Arnous",1-0,,,,,,,"Morphy, Paul ",,"De Riviere, Jules Arnous",,0,C53,,,,,,,2025-11-01T20:08:01+0000,morphy.pgn
23bc8452-c4c6-4017-a892-33db2b594dda,196,Paris m2,Paris,1863.??.??,?,"Morphy, Paul ","De Riviere, Jules Arnous",0-1,,,,,,,"De Riviere, Jules Arnous",,"Morphy, Paul ",,0,C38,,,,,,,2025-11-01T20:08:01+0000,morphy.pgn
990a5961-72be-4e55-aab2-a2ebeac02668,197,Paris m2,Paris,1863.??.??,?,"Morphy, Paul ","De Riviere, Jules Arnous",1-0,,,,,,,"Morphy, Paul ",,"De Riviere, Jules Arnous",,0,C66,,,,,,,2025-11-01T20:08:01+0000,morphy.pgn
4364c425-8bf5-475a-aa1b-3e87fc70090f,198,Paris m2,Paris,1863.??.??,?,"De Riviere, Jules Arnous","Morphy, Paul ",0-1,,,,,,,"Morphy, Paul ",,"De Riviere, Jules Arnous",,0,C58,,,,,,,2025-11-01T20:08:01+0000,morphy.pgn
c31c894f-34b3-4797-9b4a-ebdeabb3a089,199,Paris m2,Paris,1863.??.??,?,"Morphy, Paul ","De Riviere, Jules Arnous",1-0,,,,,,,"Morphy, Paul ",,"De Riviere, Jules Arnous",,0,C51,,,,,,,2025-11-01T20:08:01+0000,morphy.pgn
ca505ad4-e1c3-4f5e-9cdf-a5a928923ebd,200,Paris m2,Paris,1863.??.??,?,"Morphy, Paul ","De Riviere, Jules Arnous",1-0,,,,,,,"Morphy, Paul ",,"De Riviere, Jules Arnous",,0,C55,,,,,,,2025-11-01T20:08:01+0000,morphy.pgn
07d4e5a6-02a6-4766-b91a-45e7e97fc3ba,201,Paris m2,Paris,1863.??.??,?,"Morphy, Paul ","De Riviere, Jules Arnous",1-0,,,,,,,"Morphy, Paul ",,"De Riviere, Jules Arnous",,0,C51,,,,,,,2025-11-01T20:08:01+0000,morphy.pgn
05937301-d4a0-43d9-8fb4-cbb0f9f4b0e3,202,Paris m2,Paris,1863.??.??,?,"De Riviere, Jules Arnous","Morphy, Paul ",1-0,,,,,,,"De Riviere, Jules Arnous",,"Morphy, Paul ",,0,C33,,,,,,,2025-11-01T20:08:01+0000,morphy.pgn
d2b3f78e-7772-484f-9d42-45b006589727,203,Paris m2,Paris,1863.??.??,?,"De Riviere, Jules Arnous","Morphy, Paul ",0-1,,,,,,,"Morphy, Paul ",,"De Riviere, Jules Arnous",,0,C51,,,,,,,2025-11-01T20:08:01+0000,morphy.pgn
aff858d1-4ac9-4eaa-ba63-34909d24d422,204,Paris m2,Paris,1863.??.??,?,"De Riviere, Jules Arnous","Morphy, Paul ",0-1,,,,,,,"Morphy, Paul ",,"De Riviere, Jules Arnous",,0,C50,,,,,,,2025-11-01T20:08:01+0000,morphy.pgn
cfb92c36-f437-47f3-9256-a82bdaf4c198,205,Paris m2,Paris,1863.??.??,?,"De Riviere, Jules Arnous","Morphy, Paul ",0-1,,,,,,,"Morphy, Paul ",,"De Riviere, Jules Arnous",,0,C54,,,,,,,2025-11-01T20:08:01+0000,morphy.pgn
49f8ec04-8ead-42bd-95b6-212ed9a9deb7,206,Havana sim,Havana,1864.??.??,?,"Morphy, Paul ","Capdevielle, P.",1-0,,,,,,,"Morphy, Paul ",,"Capdevielle, P.",,0,C51,,,,,,,2025-11-01T20:08:01+0000,morphy.pgn
200e8ca3-abfc-4d92-b3c5-57657bc37780,207,Havana sim,Havana,1864.??.??,?,"Morphy, Paul ","Sicre, Felix",1-0,,,,,,,"Morphy, Paul ",,"Sicre, Felix",,0,C41,,,,,,,2025-11-01T20:08:01+0000,morphy.pgn
26bb254c-5ecb-4851-9f0d-466df3e32112,208,Havana sim,Havana,1864.??.??,?,"Morphy, Paul ","Golmayo Zupide, Celso",1-0,,,,,,,"Morphy, Paul ",,"Golmayo Zupide, Celso",,0,C51,,,,,,,2025-11-01T20:08:01+0000,morphy.pgn
af25c88e-570d-4e31-8f03-028c885accc8,209,Havana sim,Havana,1864.??.??,?,"Morphy, Paul ",Dominguez,1-0,,,,,,,"Morphy, Paul ",,Dominguez,,0,C55,,,,,,,2025-11-01T20:08:01+0000,morphy.pgn
8c8129d6-9ef2-47bd-bcf7-fc8535a401fe,210,New Orleans,New Orleans,1866.??.??,?,"Morphy, Paul ","Maurian, Charles Amedee",1-0,,,,,,,"Morphy, Paul ",,"Maurian, Charles Amedee",,0,C37,,,,,,,2025-11-01T20:08:01+0000,morphy.pgn
3249e04a-42ae-49e5-b92c-b70164471430,211,New Orleans,New Orleans,1866.??.??,?,"Morphy, Paul ","Muarian, C.",1-0,,,,,,,"Morphy, Paul ",,"Muarian, C.",,0,C37,,,,,,,2025-11-01T20:08:01+0000,morphy.pgn
